path,type,state,old_title,new_title,title_state,title_reason,old_description,new_description,description_state,description_reason,robots_new,http_old/new
/results/قطاع-التجارة-الإلكترونية/,case_study,match,"قطاع التجارة الإلكترونية - سيو هاوس","قطاع التجارة الإلكترونية - سيو هاوس",match,,"زيادة في المبيعات العضوية لمتجر سلة مع خفض الاعتماد على Google Ads بنسبة 45%.","زيادة في المبيعات العضوية لمتجر سلة مع خفض الاعتماد على Google Ads بنسبة 45%.",match,,"noindex, nofollow",200/200
/results/قطاع-الصحة-والطب/,case_study,match,"قطاع الصحة والطب - سيو هاوس","قطاع الصحة والطب - سيو هاوس",match,,"نمو في الزيارات العضوية لعيادة طبية متخصصة خلال 8 أشهر — انتقلت من المرتبة الـ47 إلى الأولى على كلماتها الرئيسية.","نمو في الزيارات العضوية لعيادة طبية متخصصة خلال 8 أشهر — انتقلت من المرتبة الـ47 إلى الأولى على كلماتها الرئيسية.",match,,"noindex, nofollow",200/200
/results/تستتست/,case_study,match,"قطاع التعليم والتدريب - سيو هاوس","قطاع التعليم والتدريب - سيو هاوس",match,,"نمو في عدد الليدز الشهرية لمنصة تدريب — 14 كلمة مفتاحية تنافسية في الصفحة الأولى.","نمو في عدد الليدز الشهرية لمنصة تدريب — 14 كلمة مفتاحية تنافسية في الصفحة الأولى.",match,,"noindex, nofollow",200/200
/contact/,page,match,"اتصل بنا | احجز استشارة مع سيو هاوس","اتصل بنا | احجز استشارة مع سيو هاوس",match,,"تواصل مع سيو هاوس واحجز استشارة لموقعك أو متجرك، واكتشف الفرص الضائعة وخطوات النمو المناسبة لزيادة الظهور والعملاء والمبيعات.","تواصل مع سيو هاوس واحجز استشارة لموقعك أو متجرك، واكتشف الفرص الضائعة وخطوات النمو المناسبة لزيادة الظهور والعملاء والمبيعات.",match,,"noindex, nofollow",200/200
/pricing/,page,expected,"اسعار باقات السيو - سيو هاوس","اسعار باقات السيو - سيو هاوس",match,,,"نعمل داخل نطاق 1,500 إلى 7,000 ريال، ويتحدد السعر النهائي بحسب حالة الموقع وحجم الصفحات والسوق والمنافسة ونطاق التنفيذ والمنصة المستخدمة.",expected,"الوصف في الأساسي فارغ — بقي وصف الجديد","noindex, nofollow",200/200
/services/seo/consulting/,page,match,"خدمة استشارات السيو لفهم الأداء واتخاذ القرارات - سيو هاوس","خدمة استشارات السيو لفهم الأداء واتخاذ القرارات - سيو هاوس",match,,"احجز استشارات السيو لفهم أرقام الزيارات والعملاء والمبيعات ومراجعة أداء موقعك أو خطتك الحالية واتخاذ قرارات أوضح مبنية على البيانات.","احجز استشارات السيو لفهم أرقام الزيارات والعملاء والمبيعات ومراجعة أداء موقعك أو خطتك الحالية واتخاذ قرارات أوضح مبنية على البيانات.",match,,"noindex, nofollow",200/200
/services/web-design/custom-dev/,page,match,"برمجة مواقع خاصة تتجاوز القوالب الجاهزة - سيو هاوس","برمجة مواقع خاصة تتجاوز القوالب الجاهزة - سيو هاوس",match,,"نقدم برمجة مواقع خاصة للشركات التي تحتاج إلى حلول مخصصة تناسب احتياجاتها التشغيلية والتسويقية بعيدًا عن القيود التقليدية للقوالب الجاهزة.","نقدم برمجة مواقع خاصة للشركات التي تحتاج إلى حلول مخصصة تناسب احتياجاتها التشغيلية والتسويقية بعيدًا عن القيود التقليدية للقوالب الجاهزة.",match,,"noindex, nofollow",200/200
/services/,page,expected,"الخدمات - سيو هاوس","الخدمات - سيو هاوس",match,,,"منظومة خدمات سيو هاوس: تحسين محركات البحث كتخصص أساسي، إلى جانب تصميم وتطوير المواقع والمتاجر ورفع المنتجات وإدارة محتواها.",expected,"الوصف في الأساسي فارغ — بقي وصف الجديد","noindex, nofollow",200/200
/,page,match,"سيو هاوس | نساعد الشركات والمتاجر على النمو","سيو هاوس | نساعد الشركات والمتاجر على النمو",match,,"سيو هاوس شركة سيو متخصصة في زيادة الظهور والعملاء والمبيعات للشركات والمتاجر عبر استراتيجيات واضحة ومحتوى مدروس ونتائج قابلة للقياس.","سيو هاوس شركة سيو متخصصة في زيادة الظهور والعملاء والمبيعات للشركات والمتاجر عبر استراتيجيات واضحة ومحتوى مدروس ونتائج قابلة للقياس.",match,,"noindex, nofollow",200/200
/services/seo/technical/,page,expected,"السيو التقني - سيو هاوس","السيو التقني - سيو هاوس",match,,,"نفحص الزحف والفهرسة والسرعة وبنية الموقع والبيانات المنظمة، ونرتب المشكلات حسب أثرها، ثم ننفّذ التعديلات ونتابع الفهرسة والأداء.",expected,"الوصف في الأساسي فارغ — بقي وصف الجديد","noindex, nofollow",200/200
/services/seo/on-page/,page,expected,"السيو الداخلي - سيو هاوس","السيو الداخلي - سيو هاوس",match,,,"نربط كل صفحة بنية بحث واضحة، ونضبط العناوين والمحتوى والروابط الداخلية والبيانات المنظمة، ونعالج تعارض الصفحات داخل الموقع.",expected,"الوصف في الأساسي فارغ — بقي وصف الجديد","noindex, nofollow",200/200
/services/seo/uae/,page,expected,"تحسين محركات البحث في الامارات - سيو هاوس","تحسين محركات البحث في الامارات - سيو هاوس",match,,,"نساعد الشركات داخل الإمارات على تحسين ظهور مواقعها في نتائج البحث من خلال تحليل المنافسة وتحسين الصفحات والمحتوى والجوانب التقنية وقياس أثر العمل.",expected,"الوصف في الأساسي فارغ — بقي وصف الجديد","noindex, nofollow",200/200
/services/seo/ksa/,page,expected,"تحسين محركات البحث في السعودية - سيو هاوس","عنوان كتبه المحرر لصفحة السعودية",expected,"معدّل يدويًا هنا — تُرك",,"نساعد الشركات داخل السعودية على تحسين ظهور مواقعها، ومعالجة الجوانب التقنية والمحتوى والصفحات، وقياس أثر العمل على الزيارات والاستفسارات والمبيعات.",expected,"الوصف في الأساسي فارغ — بقي وصف الجديد","noindex, nofollow",200/200
/services/seo/egypt/,page,expected,"تحسين محركات البحث في مصر - سيو هاوس","تحسين محركات البحث في مصر - سيو هاوس",match,,,"نساعد الشركات داخل مصر على تحسين ظهور مواقعها في نتائج البحث من خلال السيو التقني والمحتوى وتحسين الصفحات وقياس أثر العمل على الزيارات والعملاء.",expected,"الوصف في الأساسي فارغ — بقي وصف الجديد","noindex, nofollow",200/200
/sectors/,page,match,"القطاعات - سيو هاوس","القطاعات - سيو هاوس",match,,"القطاعات Archive - سيو هاوس","القطاعات Archive - سيو هاوس",match,,"noindex, nofollow",200/200
/blog/,page,match,"مدونة سيو هاوس | مكتبة من المقالات في السيو ونمو المواقع","مدونة سيو هاوس | مكتبة من المقالات في السيو ونمو المواقع",match,,"اقرأ مقالات سيو هاوس عن السيو والمحتوى وتحليل الأداء ونمو المواقع والمتاجر، مع أفكار عملية تساعدك على تحسين الظهور وزيادة العملاء.","اقرأ مقالات سيو هاوس عن السيو والمحتوى وتحليل الأداء ونمو المواقع والمتاجر، مع أفكار عملية تساعدك على تحسين الظهور وزيادة العملاء.",match,,"noindex, nofollow",200/200
/services/seo/backlinks/,page,match,"خدمة بناء الباك لينك والجيست بوست | سيو هاوس","خدمة بناء الباك لينك والجيست بوست | سيو هاوس",match,,"نقدم خدمة بناء الروابط الخارجية عبر استراتيجية مدروسة تساعد على دعم الصفحات المهمة في موقعك وزيادة الثقة وتحسين فرص المنافسة في نتائج البحث.","نقدم خدمة بناء الروابط الخارجية عبر استراتيجية مدروسة تساعد على دعم الصفحات المهمة في موقعك وزيادة الثقة وتحسين فرص المنافسة في نتائج البحث.",match,,"noindex, nofollow",200/200
/services/seo/,page,match,"تحسين محركات البحث في الوطن العربي والشرق الاوسط | سيو هاوس","تحسين محركات البحث في الوطن العربي والشرق الاوسط | سيو هاوس",match,,"نقدم خدمات تحسين محركات البحث للشركات والمتاجر التي تريد زيادة الظهور وجذب عملاء أكثر وبناء نمو مستدام من خلال خطة واضحة ونتائج قابلة للقياس.","نقدم خدمات تحسين محركات البحث للشركات والمتاجر التي تريد زيادة الظهور وجذب عملاء أكثر وبناء نمو مستدام من خلال خطة واضحة ونتائج قابلة للقياس.",match,,"noindex, nofollow",200/200
/services/stores/,page,match,"إنشاء وتصميم متاجر إلكترونية | سيو هاوس","إنشاء وتصميم متاجر إلكترونية | سيو هاوس",match,,"ننشئ ونصمم متاجر إلكترونية تساعدك على عرض منتجاتك باحتراف وتحسين تجربة الشراء ورفع التحويلات وبناء متجر جاهز للنمو والمبيعات.","ننشئ ونصمم متاجر إلكترونية تساعدك على عرض منتجاتك باحتراف وتحسين تجربة الشراء ورفع التحويلات وبناء متجر جاهز للنمو والمبيعات.",match,,"noindex, nofollow",200/200
/services/web-design/,page,match,"إنشاء وتصميم مواقع احترافية تدعم النمو والظهور - سيو هاوس","إنشاء وتصميم مواقع احترافية تدعم النمو والظهور - سيو هاوس",match,,"ننشئ ونصمم مواقع احترافية تساعد الشركات على تقديم خدماتها بشكل أوضح وتحسين تجربة المستخدم وبناء صفحات تدعم الظهور والتحويل والنمو.","ننشئ ونصمم مواقع احترافية تساعد الشركات على تقديم خدماتها بشكل أوضح وتحسين تجربة المستخدم وبناء صفحات تدعم الظهور والتحويل والنمو.",match,,"noindex, nofollow",200/200
/services/products/,page,match,"رفع المنتجات للمتاجر وتنظيم ورفع المنتجات باحتراف | سيو هاوس","رفع المنتجات للمتاجر وتنظيم ورفع المنتجات باحتراف | سيو هاوس",match,,"نقدم خدمة رفع المنتجات للمتاجر لمساعدتك في تنظيم البيانات والصور والأوصاف والتصنيفات بشكل احترافي يسرّع الإطلاق ويحسن تجربة التسوق.","نقدم خدمة رفع المنتجات للمتاجر لمساعدتك في تنظيم البيانات والصور والأوصاف والتصنيفات بشكل احترافي يسرّع الإطلاق ويحسن تجربة التسوق.",match,,"noindex, nofollow",200/200
/services/web-design/react-next/,page,match,"برمجة مواقع React & Next | سيو هاوس","برمجة مواقع React & Next | سيو هاوس",match,,"نطور مواقع باستخدام React وNext للشركات التي تحتاج إلى أداء أعلى وتجربة أسرع وبنية تقنية متقدمة تدعم التوسع والنمو الرقمي.","نطور مواقع باستخدام React وNext للشركات التي تحتاج إلى أداء أعلى وتجربة أسرع وبنية تقنية متقدمة تدعم التوسع والنمو الرقمي.",match,,"noindex, nofollow",200/200
/services/stores/zid/,page,match,"تصميم متاجر زد | سيو هاوس","تصميم متاجر زد | سيو هاوس",match,,"نقدم تصميم متجر زد للعلامات التجارية التي تريد متجرًا سريعًا وواضحًا وجاهزًا للبيع، مع تجربة استخدام قوية تدعم التوسع والمبيعات.","نقدم تصميم متجر زد للعلامات التجارية التي تريد متجرًا سريعًا وواضحًا وجاهزًا للبيع، مع تجربة استخدام قوية تدعم التوسع والمبيعات.",match,,"noindex, nofollow",200/200
/services/stores/salla/,page,match,"تصميم متاجر سلة | سيو هاوس","تصميم متاجر سلة | سيو هاوس",match,,"نصمم متاجر سلة بشكل احترافي يساعدك على تنظيم المنتجات وتحسين تجربة الشراء وبناء متجر واضح وسريع وجاهز لزيادة المبيعات.","نصمم متاجر سلة بشكل احترافي يساعدك على تنظيم المنتجات وتحسين تجربة الشراء وبناء متجر واضح وسريع وجاهز لزيادة المبيعات.",match,,"noindex, nofollow",200/200
/services/stores/shopify/,page,match,"تصميم متاجر شوبيفاي | سيو هاوس","تصميم متاجر شوبيفاي | سيو هاوس",match,,"نصمم متاجر شوبيفاي للعلامات التي تبحث عن متجر احترافي منظم وقابل للتوسع، مع تجربة شراء قوية وصفحات تساعد على رفع المبيعات.","نصمم متاجر شوبيفاي للعلامات التي تبحث عن متجر احترافي منظم وقابل للتوسع، مع تجربة شراء قوية وصفحات تساعد على رفع المبيعات.",match,,"noindex, nofollow",200/200
/about/,page,match,"عن سيو هاوس | فريق متخصص في نمو المواقع والمتاجر","عن سيو هاوس | فريق متخصص في نمو المواقع والمتاجر",match,,"تعرف على سيو هاوس وفريق العمل الذي يساعد الشركات والمتاجر على بناء نمو رقمي مستدام من خلال المحتوى والتحليل واستراتيجيات الظهور في محركات البحث.","تعرف على سيو هاوس وفريق العمل الذي يساعد الشركات والمتاجر على بناء نمو رقمي مستدام من خلال المحتوى والتحليل واستراتيجيات الظهور في محركات البحث.",match,,"noindex, nofollow",200/200
/team/,page,match,"فريق العمل | خبراء النمو الرقمي والتحليل وإدارة المحتوي","فريق العمل | خبراء النمو الرقمي والتحليل وإدارة المحتوي",match,,"تعرف على فريق سيو هاوس من المتخصصين في المحتوى والتحليل وبناء النمو الرقمي للمواقع والمتاجر بخبرة عملية وفهم واضح لاحتياجات السوق.","تعرف على فريق سيو هاوس من المتخصصين في المحتوى والتحليل وبناء النمو الرقمي للمواقع والمتاجر بخبرة عملية وفهم واضح لاحتياجات السوق.",match,,"noindex, nofollow",200/200
/sectors/food/,page,match,"تحسين محركات البحث للمطاعم - سيو هاوس","تحسين محركات البحث للمطاعم - سيو هاوس",match,,"نساعد المطاعم والعلامات الغذائية على زيادة الظهور المحلي وجذب عملاء أكثر عبر محتوى وصفحات واستراتيجية نمو تناسب طبيعة القطاع.","نساعد المطاعم والعلامات الغذائية على زيادة الظهور المحلي وجذب عملاء أكثر عبر محتوى وصفحات واستراتيجية نمو تناسب طبيعة القطاع.",match,,"noindex, nofollow",200/200
/sectors/ecommerce/,page,match,"تحسين محركات البحث للمتاجر الإلكترونية - سيو هاوس","تحسين محركات البحث للمتاجر الإلكترونية - سيو هاوس",match,,"نساعد المتاجر الإلكترونية على زيادة الظهور والزيارات والطلبات عبر منهجية سيو مبنية على صفحات المنتجات والتصنيفات وتجربة الشراء والنمو.","نساعد المتاجر الإلكترونية على زيادة الظهور والزيارات والطلبات عبر منهجية سيو مبنية على صفحات المنتجات والتصنيفات وتجربة الشراء والنمو.",match,,"noindex, nofollow",200/200
/sectors/education/,page,match,"تحسين محركات البحث للمواقع التعليمية والتدريبية | سيو هاوس","تحسين محركات البحث للمواقع التعليمية والتدريبية | سيو هاوس",match,,"نساعد المعاهد والمنصات التعليمية على زيادة الظهور وجذب الطلاب والعملاء عبر استراتيجية محتوى ونمو تناسب طبيعة قطاع التعليم والتدريب.","نساعد المعاهد والمنصات التعليمية على زيادة الظهور وجذب الطلاب والعملاء عبر استراتيجية محتوى ونمو تناسب طبيعة قطاع التعليم والتدريب.",match,,"noindex, nofollow",200/200
/sectors/tech/,page,match,"تحسين محركات البحث للمواقع التقنية والبرمجيات - سيو هاوس","تحسين محركات البحث للمواقع التقنية والبرمجيات - سيو هاوس",match,,"نساعد شركات التقنية والبرمجيات على بناء ظهور أقوى وجذب عملاء محتملين عبر تحليل واضح ومحتوى متخصص واستراتيجية تنافسية مناسبة للقطاع.","نساعد شركات التقنية والبرمجيات على بناء ظهور أقوى وجذب عملاء محتملين عبر تحليل واضح ومحتوى متخصص واستراتيجية تنافسية مناسبة للقطاع.",match,,"noindex, nofollow",200/200
/sectors/tourism/,page,match,"تحسين محركات البحث لمواقع السياحة والسفر |","تحسين محركات البحث لمواقع السياحة والسفر |",match,,"نقدم حلول نمو رقمي لشركات السياحة والسفر تساعدها على الظهور أمام العملاء المناسبين وزيادة الحجوزات والاستفسارات عبر صفحات ومحتوى موجه.","نقدم حلول نمو رقمي لشركات السياحة والسفر تساعدها على الظهور أمام العملاء المناسبين وزيادة الحجوزات والاستفسارات عبر صفحات ومحتوى موجه.",match,,"noindex, nofollow",200/200
/sectors/health/,page,match,"تحسين محركات البحث للمواقع الطبية - سيو هاوس","تحسين محركات البحث للمواقع الطبية - سيو هاوس",match,,"نساعد العيادات والمراكز الطبية على الظهور أمام الجمهور المناسب وزيادة الحجوزات والاستفسارات عبر محتوى وصفحات واستراتيجية مناسبة للقطاع الصحي.","نساعد العيادات والمراكز الطبية على الظهور أمام الجمهور المناسب وزيادة الحجوزات والاستفسارات عبر محتوى وصفحات واستراتيجية مناسبة للقطاع الصحي.",match,,"noindex, nofollow",200/200
/sectors/real-estate/,page,match,"تحسين محركات البحث لمواقع العقارات والمقاولات - سيو هاوس","تحسين محركات البحث لمواقع العقارات والمقاولات - سيو هاوس",match,,"نساعد شركات العقارات والمقاولات على تحسين الظهور للكلمات المهمة وجذب عملاء أكثر عبر صفحات ومحتوى واستراتيجية نمو تناسب طبيعة القطاع.","نساعد شركات العقارات والمقاولات على تحسين الظهور للكلمات المهمة وجذب عملاء أكثر عبر صفحات ومحتوى واستراتيجية نمو تناسب طبيعة القطاع.",match,,"noindex, nofollow",200/200
/sectors/legal/,page,match,"تحسين محركات البحث لمواقع المحاماة - سيو هاوس","تحسين محركات البحث لمواقع المحاماة - سيو هاوس",match,,"نساعد مكاتب المحاماة والاستشارات على زيادة الظهور أمام العملاء المحتملين وبناء حضور رقمي أكثر ثقة وتأثيرًا عبر صفحات ومحتوى مناسبين.","نساعد مكاتب المحاماة والاستشارات على زيادة الظهور أمام العملاء المحتملين وبناء حضور رقمي أكثر ثقة وتأثيرًا عبر صفحات ومحتوى مناسبين.",match,,"noindex, nofollow",200/200
/services/seo/content/,page,match,"خدمة كتابة محتوي يساعد على الظهور والتحويل | سيو هاوس","خدمة كتابة محتوي يساعد على الظهور والتحويل | سيو هاوس",match,,"نكتب محتوى مدروسًا يساعد الشركات والمتاجر على استهداف الكلمات المناسبة وبناء صفحات ومقالات ترفع الظهور وتحوّل الزيارات إلى فرص ومبيعات.","نكتب محتوى مدروسًا يساعد الشركات والمتاجر على استهداف الكلمات المناسبة وبناء صفحات ومقالات ترفع الظهور وتحوّل الزيارات إلى فرص ومبيعات.",match,,"noindex, nofollow",200/200
/results/,page,match,"نتائج الأعمال - سيو هاوس","نتائج الأعمال - سيو هاوس",match,,"نتائج الأعمال Archive - سيو هاوس","نتائج الأعمال Archive - سيو هاوس",match,,"noindex, nofollow",200/200
/services/web-design/wordpress/,page,match,"تصميم مواقع ووردبريس مرنة وسهلة الإدارة - سيو هاوس","تصميم مواقع ووردبريس مرنة وسهلة الإدارة - سيو هاوس",match,,"نصمم مواقع ووردبريس احترافية سريعة ومرنة وسهلة الإدارة، تساعد الشركات على تطوير حضورها الرقمي وبناء موقع قابل للنمو والتوسع.","نصمم مواقع ووردبريس احترافية سريعة ومرنة وسهلة الإدارة، تساعد الشركات على تطوير حضورها الرقمي وبناء موقع قابل للنمو والتوسع.",match,,"noindex, nofollow",200/200
/services/stores/woocommerce/,page,match,"تصميم متاجر ووكومرس | سيو هاوس","تصميم متاجر ووكومرس | سيو هاوس",match,,"نصمم متاجر ووكومرس بشكل احترافي يساعدك على إدارة المنتجات بسهولة وتحسين تجربة الشراء وبناء متجر مرن يدعم النمو والتحويل.","نصمم متاجر ووكومرس بشكل احترافي يساعدك على إدارة المنتجات بسهولة وتحسين تجربة الشراء وبناء متجر مرن يدعم النمو والتحويل.",match,,"noindex, nofollow",200/200
/services/web-design/webflow/,page,match,"تصميم مواقع ويب فلو مناسبة للشركات - سيو هاوس","تصميم مواقع ويب فلو مناسبة للشركات - سيو هاوس",match,,"نقدم خدمة تصميم مواقع ويب فلو للشركات التي تحتاج إلى موقع حديث وسريع ومرن، مع تجربة استخدام قوية وهيكل واضح يدعم النمو الرقمي.","نقدم خدمة تصميم مواقع ويب فلو للشركات التي تحتاج إلى موقع حديث وسريع ومرن، مع تجربة استخدام قوية وهيكل واضح يدعم النمو الرقمي.",match,,"noindex, nofollow",200/200
/blog/fix-404-not-found/,post,match,"الدليل الفني العميق: حل مشكلة 404 Not Found والتحكم في ميزانية الزحف وتجربة المستخدم - سيو هاوس","الدليل الفني العميق: حل مشكلة 404 Not Found والتحكم في ميزانية الزحف وتجربة المستخدم - سيو هاوس",match,,"في عالم تحسين محركات البحث الفني (Technical SEO)، لا تعد الأخطاء البرمجية مجرد رموز عابرة تظهر للمستخدم، بل هي مؤشرات حيوية تعكس مدى صحة البنية التحتية للموقع","في عالم تحسين محركات البحث الفني (Technical SEO)، لا تعد الأخطاء البرمجية مجرد رموز عابرة تظهر للمستخدم، بل هي مؤشرات حيوية تعكس مدى صحة البنية التحتية للموقع",match,,"noindex, nofollow",200/200
/blog/how-to-build-backlinks-correctly/,post,match,"كيفية بناء باك لينك موقعك بطريقة صحيحة | دليل عملي من سيو هاوس","كيفية بناء باك لينك موقعك بطريقة صحيحة | دليل عملي من سيو هاوس",match,,"تعلّم كيفية بناء باك لينك لموقعك بطريقة صحيحة عبر استراتيجية آمنة وعملية: اختيار الصفحات، تحليل المنافسين، صناعة أصول قابلة للربط، والتواصل الذكي دون مخالفات.","تعلّم كيفية بناء باك لينك لموقعك بطريقة صحيحة عبر استراتيجية آمنة وعملية: اختيار الصفحات، تحليل المنافسين، صناعة أصول قابلة للربط، والتواصل الذكي دون مخالفات.",match,,"noindex, nofollow",200/200
/blog/why-is-my-website-not-showing-in-search-engines/,post,match,"لماذا لا يظهر موقعك في محركات البحث؟ الأسباب والحلول - سيو هاوس","لماذا لا يظهر موقعك في محركات البحث؟ الأسباب والحلول - سيو هاوس",match,,"عدم ظهور الموقع في محركات البحث من أكثر المشاكل التي تسبب قلقًا لأصحاب المواقع، خصوصًا بعد إطلاق موقع جديد أو نشر صفحات مهمة وانتظار ظهورها في نتائج جوجل دون","عدم ظهور الموقع في محركات البحث من أكثر المشاكل التي تسبب قلقًا لأصحاب المواقع، خصوصًا بعد إطلاق موقع جديد أو نشر صفحات مهمة وانتظار ظهورها في نتائج جوجل دون",match,,"noindex, nofollow",200/200
/blog/هل-يظهر-موقعك-داخل-إجابات-جوجل-بالذكاء/,post,match,"هل يظهر موقعك داخل إجابات جوجل بالذكاء الاصطناعي؟ دليلك لفهم تقارير Search Console الجديدة - سيو هاوس","هل يظهر موقعك داخل إجابات جوجل بالذكاء الاصطناعي؟ دليلك لفهم تقارير Search Console الجديدة - سيو هاوس",match,,"مع تغير شكل نتائج البحث في Google، لم يعد ظهور الموقع مقتصرًا على الروابط التقليدية التي اعتاد المستخدمون رؤيتها في صفحة النتائج.","مع تغير شكل نتائج البحث في Google، لم يعد ظهور الموقع مقتصرًا على الروابط التقليدية التي اعتاد المستخدمون رؤيتها في صفحة النتائج.",match,,"noindex, nofollow",200/200
/blog/category/uncategorized/,category,match,"Uncategorized - سيو هاوس","Uncategorized - سيو هاوس",match,,,,match,,"nofollow, noindex",200/200
/blog/category/off-page-seo/,category,match,"سيو خارجي - سيو هاوس","سيو خارجي - سيو هاوس",match,,,,match,,"noindex, nofollow",200/200
/blog/category/technical-seo/,category,match,"سيو تقني - سيو هاوس","سيو تقني - سيو هاوس",match,,,,match,,"noindex, nofollow",200/200
