path,expected,http,redirect,result,note
/,"same-path page:home",200,,OK,
/about/,"same-path page:about",200,,OK,
/blog/,"same-path page:blog",200,,OK,
/blog/category/off-page-seo/,"same-path category:off-page-seo",200,,OK,
/blog/category/technical-seo/,"same-path category:technical-seo",200,,OK,
/blog/fix-404-not-found/,"same-path post:fix-404-not-found",404,,FAIL,"مسودة بانتظار الاعتماد والنشر"
/blog/fix-404-not-found/feed/,wordpress-feed,200,,OK,
/blog/how-to-build-backlinks-correctly/,"same-path post:how-to-build-backlinks-correctly",404,,FAIL,"مسودة بانتظار الاعتماد والنشر"
/blog/why-is-my-website-not-showing-in-search-engines/,"same-path post:why-is-my-website-not-showing-in-search-engines",404,,FAIL,"مسودة بانتظار الاعتماد والنشر"
/blog/هل-يظهر-موقعك-داخل-إجابات-جوجل-بالذكاء/,"same-path post:ai-search-console-reports",200,,OK,
/comments/feed/,wordpress-feed,200,,OK,
/contact/,"same-path page:contact",200,,OK,
/feed/,wordpress-feed,200,,OK,
/pricing/,"same-path page:pricing",200,,OK,
/privacy-policy/,"same-path page:privacy-policy",404,,FAIL,"مسودة بانتظار الاعتماد والنشر"
/results/,"same-path page:results",200,,OK,
/results/feed/,wordpress-feed,200,,OK,
/results/تستتست/,"same-path case:education-platform",200,,OK,
/results/قطاع-التجارة-الإلكترونية/,"same-path case:ecommerce-salla",200,,OK,
/results/قطاع-الصحة-والطب/,"same-path case:health-clinic",200,,OK,
/sectors/,"same-path page:sectors",200,,OK,
/sectors/ecommerce/,"same-path page:sector-ecommerce",200,,OK,
/sectors/education/,"same-path page:sector-education",200,,OK,
/sectors/food/,"same-path page:sector-food",200,,OK,
/sectors/health/,"same-path page:sector-health",200,,OK,
/sectors/legal/,"same-path page:sector-legal",200,,OK,
/sectors/real-estate/,"same-path page:sector-real-estate",200,,OK,
/sectors/tech/,"same-path page:sector-tech",200,,OK,
/sectors/tourism/,"same-path page:sector-tourism",200,,OK,
/services/,"same-path page:services",200,,OK,
/services/products/,"same-path page:products",200,,OK,
/services/seo/,"same-path page:seo",200,,OK,
/services/seo/backlinks/,"same-path page:seo-backlinks",200,,OK,
/services/seo/consulting/,"same-path page:seo-consulting",200,,OK,
/services/seo/content/,"same-path page:seo-content",200,,OK,
/services/seo/egypt/,"same-path page:seo-egypt",200,,OK,
/services/seo/ksa/,"same-path page:seo-ksa",200,,OK,
/services/seo/on-page/,"same-path page:seo-on-page",200,,OK,
/services/seo/stores-seo/,"redirect-301 → /sectors/ecommerce/",301,/new/sectors/ecommerce/,OK,
/services/seo/technical/,"same-path page:seo-technical",200,,OK,
/services/seo/uae/,"same-path page:seo-uae",200,,OK,
/services/stores/,"same-path page:stores",200,,OK,
/services/stores/salla/,"same-path page:stores-salla",200,,OK,
/services/stores/shopify/,"same-path page:stores-shopify",200,,OK,
/services/stores/woocommerce/,"same-path page:stores-woocommerce",200,,OK,
/services/stores/zid/,"same-path page:stores-zid",200,,OK,
/services/web-design/,"same-path page:web-design",200,,OK,
/services/web-design/custom-dev/,"same-path page:web-custom-dev",200,,OK,
/services/web-design/react-next/,"same-path page:web-react-next",200,,OK,
/services/web-design/webflow/,"same-path page:web-webflow",200,,OK,
/services/web-design/wordpress/,"same-path page:web-wordpress",200,,OK,
/team/,"same-path page:team",200,,OK,
/terms/,"same-path page:terms",404,,FAIL,"مسودة بانتظار الاعتماد والنشر"
