path,source,destination,object,status,http_now,redirect_to,launch_check,note
/,sitemap:page,نفس المسار,page:home,publish,200,,OK,
/about/,sitemap:page,نفس المسار,page:about,publish,200,,OK,
/blog/,sitemap:post,نفس المسار,page:blog,publish,200,,OK,
/blog/category/off-page-seo/,linked,نفس المسار,category:off-page-seo,publish,200,,OK,
/blog/category/technical-seo/,linked,نفس المسار,category:technical-seo,publish,200,,OK,
/blog/fix-404-not-found/,sitemap:post,نفس المسار,post:fix-404-not-found,draft,404,,FAIL,مسودة بانتظار الاعتماد والنشر
/blog/fix-404-not-found/feed/,linked,خلاصة ووردبريس,,publish,200,,OK,
/blog/how-to-build-backlinks-correctly/,sitemap:post,نفس المسار,post:how-to-build-backlinks-correctly,draft,404,,FAIL,مسودة بانتظار الاعتماد والنشر
/blog/why-is-my-website-not-showing-in-search-engines/,sitemap:post,نفس المسار,post:why-is-my-website-not-showing-in-search-engines,draft,404,,FAIL,مسودة بانتظار الاعتماد والنشر
/blog/هل-يظهر-موقعك-داخل-إجابات-جوجل-بالذكاء/,sitemap:post,نفس المسار,post:ai-search-console-reports,publish,200,,OK,
/comments/feed/,linked,خلاصة ووردبريس,,publish,200,,OK,
/contact/,sitemap:page,نفس المسار,page:contact,publish,200,,OK,
/feed/,linked,خلاصة ووردبريس,,publish,200,,OK,
/pricing/,sitemap:page,نفس المسار,page:pricing,publish,200,,OK,
/privacy-policy/,sitemap:page,نفس المسار,page:privacy-policy,draft,404,,FAIL,مسودة بانتظار الاعتماد والنشر
/results/,sitemap:page,نفس المسار,page:results,publish,200,,OK,
/results/feed/,linked,خلاصة ووردبريس,,publish,200,,OK,
/results/تستتست/,sitemap:case_study,نفس المسار,case:education-platform,publish,200,,OK,
/results/قطاع-التجارة-الإلكترونية/,sitemap:case_study,نفس المسار,case:ecommerce-salla,publish,200,,OK,
/results/قطاع-الصحة-والطب/,sitemap:case_study,نفس المسار,case:health-clinic,publish,200,,OK,
/sectors/,sitemap:page,نفس المسار,page:sectors,publish,200,,OK,
/sectors/ecommerce/,linked,نفس المسار,page:sector-ecommerce,publish,200,,OK,
/sectors/education/,sitemap:sector,نفس المسار,page:sector-education,publish,200,,OK,
/sectors/food/,sitemap:sector,نفس المسار,page:sector-food,publish,200,,OK,
/sectors/health/,sitemap:sector,نفس المسار,page:sector-health,publish,200,,OK,
/sectors/legal/,sitemap:sector,نفس المسار,page:sector-legal,publish,200,,OK,
/sectors/real-estate/,sitemap:sector,نفس المسار,page:sector-real-estate,publish,200,,OK,
/sectors/tech/,sitemap:sector,نفس المسار,page:sector-tech,publish,200,,OK,
/sectors/tourism/,sitemap:sector,نفس المسار,page:sector-tourism,publish,200,,OK,
/services/,sitemap:page,نفس المسار,page:services,publish,200,,OK,
/services/products/,sitemap:page,نفس المسار,page:products,publish,200,,OK,
/services/seo/,sitemap:page,نفس المسار,page:seo,publish,200,,OK,
/services/seo/backlinks/,sitemap:page,نفس المسار,page:seo-backlinks,publish,200,,OK,
/services/seo/consulting/,sitemap:page,نفس المسار,page:seo-consulting,publish,200,,OK,
/services/seo/content/,sitemap:page,نفس المسار,page:seo-content,publish,200,,OK,
/services/seo/egypt/,sitemap:page,نفس المسار,page:seo-egypt,publish,200,,OK,
/services/seo/ksa/,sitemap:page,نفس المسار,page:seo-ksa,publish,200,,OK,
/services/seo/on-page/,sitemap:page,نفس المسار,page:seo-on-page,publish,200,,OK,
/services/seo/stores-seo/,sitemap:page,تحويل 301 إلى /sectors/ecommerce/,,publish,301,/sectors/ecommerce/,OK,مكافئة: الصفحة المنشورة عنوانها «تحسين محركات البحث للمتاجر الإلكترونية»، وهو عنوان صفحة /sectors/ecommerce/ وموضوعها في التصميم الجديد. — للمراجعة
/services/seo/technical/,sitemap:page,نفس المسار,page:seo-technical,publish,200,,OK,
/services/seo/uae/,sitemap:page,نفس المسار,page:seo-uae,publish,200,,OK,
/services/stores/,sitemap:page,نفس المسار,page:stores,publish,200,,OK,
/services/stores/salla/,sitemap:page,نفس المسار,page:stores-salla,publish,200,,OK,
/services/stores/shopify/,sitemap:page,نفس المسار,page:stores-shopify,publish,200,,OK,
/services/stores/woocommerce/,sitemap:page,نفس المسار,page:stores-woocommerce,publish,200,,OK,
/services/stores/zid/,sitemap:page,نفس المسار,page:stores-zid,publish,200,,OK,
/services/web-design/,sitemap:page,نفس المسار,page:web-design,publish,200,,OK,
/services/web-design/custom-dev/,sitemap:page,نفس المسار,page:web-custom-dev,publish,200,,OK,
/services/web-design/react-next/,sitemap:page,نفس المسار,page:web-react-next,publish,200,,OK,
/services/web-design/webflow/,sitemap:page,نفس المسار,page:web-webflow,publish,200,,OK,
/services/web-design/wordpress/,sitemap:page,نفس المسار,page:web-wordpress,publish,200,,OK,
/team/,sitemap:page,نفس المسار,page:team,publish,200,,OK,
/terms/,sitemap:page,نفس المسار,page:terms,draft,404,,FAIL,مسودة بانتظار الاعتماد والنشر
