key,route,admin_name,kind,wp_object,status,template,design_file,sections,http_status,robots,title
home,/,الرئيسية,page,page,publish,page-templates/home.php,SEO House - Homepage.dc.html,hero client_logos services sectors about markets reviews articles platforms results booking,200,max-image-preview:large,سيو هاوس | تحسين الظهور وتصميم المواقع والمتاجر
services,/services/,الخدمات,page,page,publish,page-templates/services.php,SEO House - All Services.dc.html,hero families path sectors faq booking,200,max-image-preview:large,خدمات سيو هاوس | سيو، مواقع، متاجر ومحتوى المنتجات
seo,/services/seo/,تحسين محركات البحث,page,page,publish,page-templates/seo.php,SEO House - SEO Service Page.dc.html,hero client_logos seo_system layers results sectors markets process tools reviews faq pricing_strip booking,200,max-image-preview:large,خدمات تحسين محركات البحث SEO | سيو هاوس
seo-technical,/services/seo/technical/,السيو التقني,page,page,publish,page-templates/seo-technical.php,SEO House - Technical SEO.dc.html,hero issues scope levels tools related faq booking,200,max-image-preview:large,خدمة السيو التقني وتدقيق الموقع | سيو هاوس
seo-on-page,/services/seo/on-page/,السيو الداخلي,page,page,publish,page-templates/seo-on-page.php,SEO House - On-Page SEO.dc.html,hero layers flow deliverables related faq booking,200,max-image-preview:large,خدمة السيو الداخلي وتحسين صفحات الموقع | سيو هاوس
seo-content,/services/seo/content/,محتوى السيو,page,page,publish,page-templates/seo-content.php,SEO House - SEO Content.dc.html,hero types flow human proof related faq booking,200,max-image-preview:large,خدمة كتابة محتوى السيو للمواقع والمتاجر | سيو هاوس
seo-backlinks,/services/seo/backlinks/,بناء الروابط,page,page,publish,page-templates/seo-backlinks.php,SEO House - Backlinks.dc.html,hero quality compare flow honest related faq booking,200,max-image-preview:large,خدمة بناء الروابط الخارجية للمواقع | سيو هاوس
seo-consulting,/services/seo/consulting/,الاستشارات وتحليل الأداء,page,page,publish,page-templates/seo-consulting.php,SEO House - SEO Consulting.dc.html,hero when chain deliver related faq booking,200,max-image-preview:large,استشارات السيو وتحليل الأداء | سيو هاوس
seo-ksa,/services/seo/ksa/,السيو في السعودية,page,page,publish,page-templates/seo-ksa.php,SEO House - Saudi SEO Page.dc.html,hero client_logos market saudi_case scope first_month sectors why reviews faq booking,200,max-image-preview:large,شركة سيو في السعودية | سيو هاوس
seo-egypt,/services/seo/egypt/,السيو في مصر,page,page,publish,page-templates/seo-egypt.php,SEO House - Egypt SEO Page.dc.html,hero client_logos market egypt_case method scope first_month sectors why reviews faq booking,200,max-image-preview:large,شركة سيو في مصر لتحسين ظهور موقعك | سيو هاوس
seo-uae,/services/seo/uae/,السيو في الإمارات,page,page,publish,page-templates/seo-uae.php,SEO House - UAE SEO Page.dc.html,hero client_logos market opportunities gulf_case needs first_month sectors measure why reviews faq booking,200,max-image-preview:large,شركة سيو في الإمارات لتحسين ظهور موقعك | سيو هاوس
web-design,/services/web-design/,تصميم المواقع,page,page,publish,page-templates/web-design.php,SEO House - Web Design.dc.html,hero deliverables phases platforms related faq booking,200,max-image-preview:large,تصميم وتطوير مواقع الشركات | سيو هاوس
web-wordpress,/services/web-design/wordpress/,ووردبريس,page,page,publish,page-templates/web-wordpress.php,SEO House - WordPress.dc.html,hero system ops fit related faq booking,200,max-image-preview:large,تصميم مواقع ووردبريس للشركات | سيو هاوس
web-webflow,/services/web-design/webflow/,ويب فلو,page,page,publish,page-templates/web-webflow.php,SEO House - Webflow.dc.html,hero build launch care related faq booking,200,max-image-preview:large,تصميم مواقع ويب فلو للشركات | سيو هاوس
web-react-next,/services/web-design/react-next/,رياكت ونكست,page,page,publish,page-templates/web-react-next.php,SEO House - React Next.dc.html,hero when render deliver related faq booking,200,max-image-preview:large,تطوير مواقع وتطبيقات رياكت ونكست | سيو هاوس
web-custom-dev,/services/web-design/custom-dev/,البرمجة الخاصة,page,page,publish,page-templates/web-custom-dev.php,SEO House - Custom Development.dc.html,hero fit phases cases related faq booking,200,max-image-preview:large,البرمجة الخاصة وتطوير الأنظمة والمنصات | سيو هاوس
stores,/services/stores/,تصميم المتاجر,page,page,publish,page-templates/stores.php,SEO House - Online Stores.dc.html,hero journey platforms phases related faq booking,200,max-image-preview:large,تصميم وتطوير المتاجر الإلكترونية | سيو هاوس
stores-shopify,/services/stores/shopify/,شوبيفاي,page,page,publish,page-templates/stores-shopify.php,SEO House - Shopify.dc.html,hero build apps care related faq booking,200,max-image-preview:large,تصميم وتطوير متاجر شوبيفاي | سيو هاوس
stores-salla,/services/stores/salla/,سلة,page,page,publish,page-templates/stores-salla.php,SEO House - Salla.dc.html,hero setup phases limits related faq booking,200,max-image-preview:large,تصميم وتطوير متاجر سلة | سيو هاوس
stores-zid,/services/stores/zid/,زد,page,page,publish,page-templates/stores-zid.php,SEO House - Zid.dc.html,hero ops phases fit related faq booking,200,max-image-preview:large,تصميم وتطوير متاجر زد | سيو هاوس
stores-woocommerce,/services/stores/woocommerce/,ووكومرس,page,page,publish,page-templates/stores-woocommerce.php,SEO House - WooCommerce.dc.html,hero build phases fit related faq booking,200,max-image-preview:large,تصميم وتطوير متاجر ووكومرس | سيو هاوس
products,/services/products/,رفع المنتجات,page,page,publish,page-templates/products.php,SEO House - Product Upload.dc.html,hero flow fields process platforms related faq booking,200,max-image-preview:large,رفع المنتجات وإدارة محتوى المتاجر | سيو هاوس
sectors,/sectors/,القطاعات,page,page,publish,page-templates/sectors.php,SEO House - Sectors.dc.html,hero list pick related faq booking,200,max-image-preview:large,قطاعات نعمل عليها في السيو والمواقع والمتاجر | سيو هاوس
sector-ecommerce,/sectors/ecommerce/,قطاع التجارة الإلكترونية,page,page,publish,page-templates/sector-ecommerce.php,SEO House - Sector Ecommerce.dc.html,hero sector_journey path visibility measure case related faq booking,200,max-image-preview:large,تحسين محركات البحث للمتاجر الإلكترونية | سيو هاوس
sector-health,/sectors/health/,قطاع الصحة والطب,page,page,publish,page-templates/sector-health.php,SEO House - Sector Health.dc.html,hero sector_journey journey pages measure case related faq booking,200,max-image-preview:large,تحسين محركات البحث للقطاع الطبي | سيو هاوس
sector-real-estate,/sectors/real-estate/,قطاع العقارات والبناء,page,page,publish,page-templates/sector-real-estate.php,SEO House - Sector Real Estate.dc.html,hero sector_journey structure lifecycle measure related faq booking,200,max-image-preview:large,تحسين محركات البحث لقطاع العقارات | سيو هاوس
sector-education,/sectors/education/,قطاع التعليم والتدريب,page,page,publish,page-templates/sector-education.php,SEO House - Sector Education.dc.html,hero sector_journey levels info measure related faq booking,200,max-image-preview:large,تحسين محركات البحث لقطاع التعليم والتدريب | سيو هاوس
sector-tourism,/sectors/tourism/,قطاع السياحة والسفر,page,page,publish,page-templates/sector-tourism.php,SEO House - Sector Tourism.dc.html,hero sector_journey choose season inquiry related faq booking,200,max-image-preview:large,تحسين محركات البحث لقطاع السياحة والسفر | سيو هاوس
sector-tech,/sectors/tech/,قطاع التقنية والبرمجيات,page,page,publish,page-templates/sector-tech.php,SEO House - Sector Tech.dc.html,hero sector_journey problem verify measure related faq booking,200,max-image-preview:large,تحسين محركات البحث لشركات التقنية والبرمجيات | سيو هاوس
sector-legal,/sectors/legal/,قطاع القانون والاستشارات,page,page,publish,page-templates/sector-legal.php,SEO House - Sector Legal.dc.html,hero sector_journey practice expertise related faq booking,200,max-image-preview:large,تحسين محركات البحث لمكاتب المحاماة | سيو هاوس
sector-food,/sectors/food/,قطاع الأغذية والمطاعم,page,page,publish,page-templates/sector-food.php,SEO House - Sector Food.dc.html,hero sector_journey branch menu measure related faq booking,200,max-image-preview:large,تحسين محركات البحث للمطاعم وعلامات الأغذية | سيو هاوس
results,/results/,نتائج الأعمال,page,page,publish,page-templates/results.php,SEO House - Results.dc.html,hero cases related booking,200,max-image-preview:large,نتائج ودراسات حالة من مشاريع سيو هاوس | سيو هاوس
about,/about/,عن الشركة,page,page,publish,page-templates/about.php,SEO House - About.dc.html,hero now principles nopromise client_logos related booking,200,max-image-preview:large,عن سيو هاوس ومبادئ عملنا | سيو هاوس
team,/team/,فريق العمل,page,page,publish,page-templates/team.php,SEO House - Team.dc.html,hero directory collab remote related booking,200,max-image-preview:large,فريق سيو هاوس | سيو هاوس
pricing,/pricing/,الأسعار,page,page,publish,page-templates/pricing.php,SEO House - Pricing.dc.html,hero factors direction before groups faq booking,200,max-image-preview:large,أسعار خدمات سيو هاوس ونطاق العمل | سيو هاوس
contact,/contact/,اتصل بنا,page,page,publish,page-templates/contact.php,SEO House - Contact.dc.html,hero flow related,200,max-image-preview:large,اتصل بنا واحجز مكالمة استشارية | سيو هاوس
thank-you,/thank-you/,تأكيد الحجز,page,page,publish,page-templates/thank-you.php,SEO House - Thank You.dc.html,hero,200,"noindex, follow",تم حجز مكالمتك | سيو هاوس
privacy-policy,/privacy-policy/,سياسة الخصوصية,page,page,draft,page-templates/privacy-policy.php,SEO House - Privacy Policy.dc.html,hero document,404,"noindex, follow",الصفحة غير موجودة. | سيو هاوس
terms,/terms/,الشروط والأحكام,page,page,draft,page-templates/terms.php,SEO House - Terms.dc.html,hero document,404,"noindex, follow",الصفحة غير موجودة. | سيو هاوس
blog,/blog/,المدونة,system,template,publish,,SEO House - Blog.dc.html,,200,max-image-preview:large,مدونة سيو هاوس | سيو هاوس
blog-category,قالب: /blog/category/seo/,تصنيف المدونة,system,template,template,archive.php,SEO House - Blog Category Template.dc.html,,,,
single-post,قالب: /blog/sample-article/,المقال,system,template,template,single.php,SEO House - Single Article Template.dc.html,booking,,,
case-template,قالب: /results/case-study-template/,قالب دراسة الحالة,system,template,template,single-case_study.php,SEO House - Case Study Template.dc.html,,,,
case-health,/results/قطاع-الصحة-والطب/,دراسة حالة: الصحة والطب,cpt,case_study,publish,single-case_study.php,SEO House - Case Health Clinic.dc.html,,200,max-image-preview:large,قطاع الصحة والطب | سيو هاوس
case-ecommerce,/results/قطاع-التجارة-الإلكترونية/,دراسة حالة: التجارة الإلكترونية,cpt,case_study,publish,single-case_study.php,SEO House - Case Ecommerce Salla.dc.html,,200,max-image-preview:large,قطاع التجارة الإلكترونية | سيو هاوس
case-education,/results/تستتست/,دراسة حالة: التعليم والتدريب,cpt,case_study,publish,single-case_study.php,SEO House - Case Education Platform.dc.html,,200,max-image-preview:large,قطاع التعليم والتدريب | سيو هاوس
case-organic-revenue,/results/organic-revenue-growth/,دراسة حالة: نمو الإيرادات العضوية,cpt,case_study,draft,single-case_study.php,SEO House - Organic Revenue Growth Case Study.dc.html,,404,"noindex, follow",الصفحة غير موجودة. | سيو هاوس
case-medical-search,/results/medical-search-growth/,دراسة حالة: نمو النقرات العضوية,cpt,case_study,draft,single-case_study.php,SEO House - Medical Search Growth Case Study.dc.html,,404,"noindex, follow",الصفحة غير موجودة. | سيو هاوس
team-member,قالب: /team/{slug}/,ملف عضو الفريق,system,template,template,single-team_member.php,SEO House - Team Member.dc.html,booking,,,
search,/?s=,نتائج البحث,system,template,publish,search.php,SEO House - Search Results.dc.html,,200,"noindex, follow",نتائج البحث عن &#8220;سيو&#8221; | سيو هاوس
404,(404),صفحة غير موجودة,system,template,publish,404.php,SEO House - 404.dc.html,,404,"noindex, follow",الصفحة غير موجودة. | سيو هاوس
team:yasser-youssef,/team/yasser-youssef/,ياسر يوسف,cpt,team_member,publish,single-team_member.php,SEO House - Team Member.dc.html,,200,max-image-preview:large,ياسر يوسف | سيو هاوس
team:mohamed-moawad,/team/mohamed-moawad/,محمد معوض,cpt,team_member,publish,single-team_member.php,SEO House - Team Member.dc.html,,200,max-image-preview:large,محمد معوض | سيو هاوس
team:maha-ali,/team/maha-ali/,مها علي,cpt,team_member,publish,single-team_member.php,SEO House - Team Member.dc.html,,200,max-image-preview:large,مها علي | سيو هاوس
team:mennatallah-said,/team/mennatallah-said/,منةالله سعيد,cpt,team_member,publish,single-team_member.php,SEO House - Team Member.dc.html,,200,max-image-preview:large,منةالله سعيد | سيو هاوس
team:mona-ali,/team/mona-ali/,منى علي,cpt,team_member,publish,single-team_member.php,SEO House - Team Member.dc.html,,200,max-image-preview:large,منى علي | سيو هاوس
team:esraa-kamal,/team/esraa-kamal/,إسراء كمال,cpt,team_member,publish,single-team_member.php,SEO House - Team Member.dc.html,,200,max-image-preview:large,إسراء كمال | سيو هاوس
team:heba-geneedy,/team/heba-geneedy/,هبه جنيدي,cpt,team_member,publish,single-team_member.php,SEO House - Team Member.dc.html,,200,max-image-preview:large,هبه جنيدي | سيو هاوس
team:mohamed-hassan,/team/mohamed-hassan/,محمد حسن,cpt,team_member,publish,single-team_member.php,SEO House - Team Member.dc.html,,200,max-image-preview:large,محمد حسن | سيو هاوس
team:mustafa-mahmoud,/team/mustafa-mahmoud/,مصطفي محمود,cpt,team_member,publish,single-team_member.php,SEO House - Team Member.dc.html,,200,max-image-preview:large,مصطفي محمود | سيو هاوس
team:ahmed-sanad,/team/ahmed-sanad/,أحمد سند,cpt,team_member,publish,single-team_member.php,SEO House - Team Member.dc.html,,200,max-image-preview:large,أحمد سند | سيو هاوس
team:esraa-mohamed,/team/esraa-mohamed/,إسراء محمد,cpt,team_member,publish,single-team_member.php,SEO House - Team Member.dc.html,,200,max-image-preview:large,إسراء محمد | سيو هاوس
team:nada-mahmoud,/team/nada-mahmoud/,ندى محمود,cpt,team_member,publish,single-team_member.php,SEO House - Team Member.dc.html,,200,max-image-preview:large,ندى محمود | سيو هاوس
team:adham-hesham,/team/adham-hesham/,أدهم هشام,cpt,team_member,publish,single-team_member.php,SEO House - Team Member.dc.html,,200,max-image-preview:large,أدهم هشام | سيو هاوس
team:mariam-hesham,/team/mariam-hesham/,مريم هشام,cpt,team_member,publish,single-team_member.php,SEO House - Team Member.dc.html,,200,max-image-preview:large,مريم هشام | سيو هاوس
team:seif-sanad,/team/seif-sanad/,سيف سند,cpt,team_member,publish,single-team_member.php,SEO House - Team Member.dc.html,,200,max-image-preview:large,سيف سند | سيو هاوس
team:morad-salah,/team/morad-salah/,مراد صلاح,cpt,team_member,publish,single-team_member.php,SEO House - Team Member.dc.html,,200,max-image-preview:large,مراد صلاح | سيو هاوس
team:noha-elmahdy,/team/noha-elmahdy/,نهى المهدي,cpt,team_member,publish,single-team_member.php,SEO House - Team Member.dc.html,,200,max-image-preview:large,نهى المهدي | سيو هاوس
team:eman-farid,/team/eman-farid/,إيمان فريد,cpt,team_member,publish,single-team_member.php,SEO House - Team Member.dc.html,,200,max-image-preview:large,إيمان فريد | سيو هاوس
post:هل-يظهر-موقعك-داخل-إجابات-جوجل-بالذكاء,/blog/هل-يظهر-موقعك-داخل-إجابات-جوجل-بالذكاء/,هل يظهر موقعك داخل إجابات جوجل بالذكاء الاصطناعي؟ دليلك لفهم تقارير Search Console الجديدة,post,post,publish,single.php,SEO House - Blog Post.dc.html,,200,max-image-preview:large,هل يظهر موقعك داخل إجابات جوجل بالذكاء الاصطناعي؟ دليلك لفهم تقارير Search Console الجديدة | سيو هاوس
post:fix-404-not-found,/blog/fix-404-not-found/,الدليل الفني العميق: حل مشكلة 404 Not Found والتحكم في ميزانية الزحف وتجربة المستخدم,post,post,publish,single.php,SEO House - Blog Post.dc.html,,404,"noindex, follow",الصفحة غير موجودة. | سيو هاوس
post:how-to-build-backlinks-correctly,/blog/how-to-build-backlinks-correctly/,كيف تبني روابط خلفية لموقعك بطريقة صحيحة,post,post,publish,single.php,SEO House - Blog Post.dc.html,,404,"noindex, follow",الصفحة غير موجودة. | سيو هاوس
post:why-is-my-website-not-showing-in-search-engines,/blog/why-is-my-website-not-showing-in-search-engines/,لماذا لا يظهر موقعك في محركات البحث؟ الأسباب والحلول,post,post,publish,single.php,SEO House - Blog Post.dc.html,,404,"noindex, follow",الصفحة غير موجودة. | سيو هاوس
category:technical-seo,/blog/category/technical-seo/,سيو تقني,taxonomy,category,publish,archive.php,SEO House - Blog Category.dc.html,,200,max-image-preview:large,سيو تقني | سيو هاوس
category:off-page-seo,/blog/category/off-page-seo/,السيو الخارجي,taxonomy,category,publish,archive.php,SEO House - Blog Category.dc.html,,200,"noindex, follow",السيو الخارجي | سيو هاوس
