route,key,design_jsonld,output_nodes,field_sources
/,home,,Organization + WebSite + WebPage,Organization: إعدادات سيو هاوس ← بيانات الشركة | WebSite: إعدادات سيو هاوس | WebPage: عنوان SEO + الوصف
/services/,services,Service + BreadcrumbList + FAQPage,Organization + WebSite + WebPage + BreadcrumbList + Service + FAQPage,Organization: إعدادات سيو هاوس ← بيانات الشركة | WebSite: إعدادات سيو هاوس | WebPage: عنوان SEO + الوصف | BreadcrumbList: sh_breadcrumb_trail() — نفس مسار التنقل الظاهر | Service: اسم الخدمة في Schema + الوصف | FAQPage: قسم الأسئلة الشائعة الظاهر (نفس الأسئلة)
/services/seo/,seo,Service + BreadcrumbList,Organization + WebSite + WebPage + BreadcrumbList + Service + FAQPage,Organization: إعدادات سيو هاوس ← بيانات الشركة | WebSite: إعدادات سيو هاوس | WebPage: عنوان SEO + الوصف | BreadcrumbList: sh_breadcrumb_trail() — نفس مسار التنقل الظاهر | Service: اسم الخدمة في Schema + الوصف | FAQPage: قسم الأسئلة الشائعة الظاهر (نفس الأسئلة)
/services/seo/technical/,seo-technical,Service + BreadcrumbList + FAQPage,Organization + WebSite + WebPage + BreadcrumbList + Service + FAQPage,Organization: إعدادات سيو هاوس ← بيانات الشركة | WebSite: إعدادات سيو هاوس | WebPage: عنوان SEO + الوصف | BreadcrumbList: sh_breadcrumb_trail() — نفس مسار التنقل الظاهر | Service: اسم الخدمة في Schema + الوصف | FAQPage: قسم الأسئلة الشائعة الظاهر (نفس الأسئلة)
/services/seo/on-page/,seo-on-page,Service + BreadcrumbList + FAQPage,Organization + WebSite + WebPage + BreadcrumbList + Service + FAQPage,Organization: إعدادات سيو هاوس ← بيانات الشركة | WebSite: إعدادات سيو هاوس | WebPage: عنوان SEO + الوصف | BreadcrumbList: sh_breadcrumb_trail() — نفس مسار التنقل الظاهر | Service: اسم الخدمة في Schema + الوصف | FAQPage: قسم الأسئلة الشائعة الظاهر (نفس الأسئلة)
/services/seo/content/,seo-content,Service + BreadcrumbList + FAQPage,Organization + WebSite + WebPage + BreadcrumbList + Service + FAQPage,Organization: إعدادات سيو هاوس ← بيانات الشركة | WebSite: إعدادات سيو هاوس | WebPage: عنوان SEO + الوصف | BreadcrumbList: sh_breadcrumb_trail() — نفس مسار التنقل الظاهر | Service: اسم الخدمة في Schema + الوصف | FAQPage: قسم الأسئلة الشائعة الظاهر (نفس الأسئلة)
/services/seo/backlinks/,seo-backlinks,Service + BreadcrumbList + FAQPage,Organization + WebSite + WebPage + BreadcrumbList + Service + FAQPage,Organization: إعدادات سيو هاوس ← بيانات الشركة | WebSite: إعدادات سيو هاوس | WebPage: عنوان SEO + الوصف | BreadcrumbList: sh_breadcrumb_trail() — نفس مسار التنقل الظاهر | Service: اسم الخدمة في Schema + الوصف | FAQPage: قسم الأسئلة الشائعة الظاهر (نفس الأسئلة)
/services/seo/consulting/,seo-consulting,Service + BreadcrumbList + FAQPage,Organization + WebSite + WebPage + BreadcrumbList + Service + FAQPage,Organization: إعدادات سيو هاوس ← بيانات الشركة | WebSite: إعدادات سيو هاوس | WebPage: عنوان SEO + الوصف | BreadcrumbList: sh_breadcrumb_trail() — نفس مسار التنقل الظاهر | Service: اسم الخدمة في Schema + الوصف | FAQPage: قسم الأسئلة الشائعة الظاهر (نفس الأسئلة)
/services/seo/ksa/,seo-ksa,BreadcrumbList + FAQPage,Organization + WebSite + WebPage + BreadcrumbList + FAQPage,Organization: إعدادات سيو هاوس ← بيانات الشركة | WebSite: إعدادات سيو هاوس | WebPage: عنوان SEO + الوصف | BreadcrumbList: sh_breadcrumb_trail() — نفس مسار التنقل الظاهر | FAQPage: قسم الأسئلة الشائعة الظاهر (نفس الأسئلة)
/services/seo/egypt/,seo-egypt,Service + BreadcrumbList + FAQPage,Organization + WebSite + WebPage + BreadcrumbList + Service + FAQPage,Organization: إعدادات سيو هاوس ← بيانات الشركة | WebSite: إعدادات سيو هاوس | WebPage: عنوان SEO + الوصف | BreadcrumbList: sh_breadcrumb_trail() — نفس مسار التنقل الظاهر | Service: اسم الخدمة في Schema + الوصف | FAQPage: قسم الأسئلة الشائعة الظاهر (نفس الأسئلة)
/services/seo/uae/,seo-uae,Service + BreadcrumbList + FAQPage,Organization + WebSite + WebPage + BreadcrumbList + Service + FAQPage,Organization: إعدادات سيو هاوس ← بيانات الشركة | WebSite: إعدادات سيو هاوس | WebPage: عنوان SEO + الوصف | BreadcrumbList: sh_breadcrumb_trail() — نفس مسار التنقل الظاهر | Service: اسم الخدمة في Schema + الوصف | FAQPage: قسم الأسئلة الشائعة الظاهر (نفس الأسئلة)
/services/web-design/,web-design,Service + BreadcrumbList + FAQPage,Organization + WebSite + WebPage + BreadcrumbList + Service + FAQPage,Organization: إعدادات سيو هاوس ← بيانات الشركة | WebSite: إعدادات سيو هاوس | WebPage: عنوان SEO + الوصف | BreadcrumbList: sh_breadcrumb_trail() — نفس مسار التنقل الظاهر | Service: اسم الخدمة في Schema + الوصف | FAQPage: قسم الأسئلة الشائعة الظاهر (نفس الأسئلة)
/services/web-design/wordpress/,web-wordpress,Service + BreadcrumbList + FAQPage,Organization + WebSite + WebPage + BreadcrumbList + Service + FAQPage,Organization: إعدادات سيو هاوس ← بيانات الشركة | WebSite: إعدادات سيو هاوس | WebPage: عنوان SEO + الوصف | BreadcrumbList: sh_breadcrumb_trail() — نفس مسار التنقل الظاهر | Service: اسم الخدمة في Schema + الوصف | FAQPage: قسم الأسئلة الشائعة الظاهر (نفس الأسئلة)
/services/web-design/webflow/,web-webflow,Service + BreadcrumbList + FAQPage,Organization + WebSite + WebPage + BreadcrumbList + Service + FAQPage,Organization: إعدادات سيو هاوس ← بيانات الشركة | WebSite: إعدادات سيو هاوس | WebPage: عنوان SEO + الوصف | BreadcrumbList: sh_breadcrumb_trail() — نفس مسار التنقل الظاهر | Service: اسم الخدمة في Schema + الوصف | FAQPage: قسم الأسئلة الشائعة الظاهر (نفس الأسئلة)
/services/web-design/react-next/,web-react-next,Service + BreadcrumbList + FAQPage,Organization + WebSite + WebPage + BreadcrumbList + Service + FAQPage,Organization: إعدادات سيو هاوس ← بيانات الشركة | WebSite: إعدادات سيو هاوس | WebPage: عنوان SEO + الوصف | BreadcrumbList: sh_breadcrumb_trail() — نفس مسار التنقل الظاهر | Service: اسم الخدمة في Schema + الوصف | FAQPage: قسم الأسئلة الشائعة الظاهر (نفس الأسئلة)
/services/web-design/custom-dev/,web-custom-dev,Service + BreadcrumbList + FAQPage,Organization + WebSite + WebPage + BreadcrumbList + Service + FAQPage,Organization: إعدادات سيو هاوس ← بيانات الشركة | WebSite: إعدادات سيو هاوس | WebPage: عنوان SEO + الوصف | BreadcrumbList: sh_breadcrumb_trail() — نفس مسار التنقل الظاهر | Service: اسم الخدمة في Schema + الوصف | FAQPage: قسم الأسئلة الشائعة الظاهر (نفس الأسئلة)
/services/stores/,stores,Service + BreadcrumbList + FAQPage,Organization + WebSite + WebPage + BreadcrumbList + Service + FAQPage,Organization: إعدادات سيو هاوس ← بيانات الشركة | WebSite: إعدادات سيو هاوس | WebPage: عنوان SEO + الوصف | BreadcrumbList: sh_breadcrumb_trail() — نفس مسار التنقل الظاهر | Service: اسم الخدمة في Schema + الوصف | FAQPage: قسم الأسئلة الشائعة الظاهر (نفس الأسئلة)
/services/stores/shopify/,stores-shopify,Service + BreadcrumbList + FAQPage,Organization + WebSite + WebPage + BreadcrumbList + Service + FAQPage,Organization: إعدادات سيو هاوس ← بيانات الشركة | WebSite: إعدادات سيو هاوس | WebPage: عنوان SEO + الوصف | BreadcrumbList: sh_breadcrumb_trail() — نفس مسار التنقل الظاهر | Service: اسم الخدمة في Schema + الوصف | FAQPage: قسم الأسئلة الشائعة الظاهر (نفس الأسئلة)
/services/stores/salla/,stores-salla,Service + BreadcrumbList + FAQPage,Organization + WebSite + WebPage + BreadcrumbList + Service + FAQPage,Organization: إعدادات سيو هاوس ← بيانات الشركة | WebSite: إعدادات سيو هاوس | WebPage: عنوان SEO + الوصف | BreadcrumbList: sh_breadcrumb_trail() — نفس مسار التنقل الظاهر | Service: اسم الخدمة في Schema + الوصف | FAQPage: قسم الأسئلة الشائعة الظاهر (نفس الأسئلة)
/services/stores/zid/,stores-zid,Service + BreadcrumbList + FAQPage,Organization + WebSite + WebPage + BreadcrumbList + Service + FAQPage,Organization: إعدادات سيو هاوس ← بيانات الشركة | WebSite: إعدادات سيو هاوس | WebPage: عنوان SEO + الوصف | BreadcrumbList: sh_breadcrumb_trail() — نفس مسار التنقل الظاهر | Service: اسم الخدمة في Schema + الوصف | FAQPage: قسم الأسئلة الشائعة الظاهر (نفس الأسئلة)
/services/stores/woocommerce/,stores-woocommerce,Service + BreadcrumbList + FAQPage,Organization + WebSite + WebPage + BreadcrumbList + Service + FAQPage,Organization: إعدادات سيو هاوس ← بيانات الشركة | WebSite: إعدادات سيو هاوس | WebPage: عنوان SEO + الوصف | BreadcrumbList: sh_breadcrumb_trail() — نفس مسار التنقل الظاهر | Service: اسم الخدمة في Schema + الوصف | FAQPage: قسم الأسئلة الشائعة الظاهر (نفس الأسئلة)
/services/products/,products,Service + BreadcrumbList + FAQPage,Organization + WebSite + WebPage + BreadcrumbList + Service + FAQPage,Organization: إعدادات سيو هاوس ← بيانات الشركة | WebSite: إعدادات سيو هاوس | WebPage: عنوان SEO + الوصف | BreadcrumbList: sh_breadcrumb_trail() — نفس مسار التنقل الظاهر | Service: اسم الخدمة في Schema + الوصف | FAQPage: قسم الأسئلة الشائعة الظاهر (نفس الأسئلة)
/sectors/,sectors,CollectionPage + BreadcrumbList + FAQPage,Organization + WebSite + CollectionPage + BreadcrumbList + FAQPage,Organization: إعدادات سيو هاوس ← بيانات الشركة | WebSite: إعدادات سيو هاوس | CollectionPage: نوع الصفحة / قالب القائمة | BreadcrumbList: sh_breadcrumb_trail() — نفس مسار التنقل الظاهر | FAQPage: قسم الأسئلة الشائعة الظاهر (نفس الأسئلة)
/sectors/ecommerce/,sector-ecommerce,Service + BreadcrumbList + FAQPage,Organization + WebSite + WebPage + BreadcrumbList + Service + FAQPage,Organization: إعدادات سيو هاوس ← بيانات الشركة | WebSite: إعدادات سيو هاوس | WebPage: عنوان SEO + الوصف | BreadcrumbList: sh_breadcrumb_trail() — نفس مسار التنقل الظاهر | Service: اسم الخدمة في Schema + الوصف | FAQPage: قسم الأسئلة الشائعة الظاهر (نفس الأسئلة)
/sectors/health/,sector-health,Service + BreadcrumbList + FAQPage,Organization + WebSite + WebPage + BreadcrumbList + Service + FAQPage,Organization: إعدادات سيو هاوس ← بيانات الشركة | WebSite: إعدادات سيو هاوس | WebPage: عنوان SEO + الوصف | BreadcrumbList: sh_breadcrumb_trail() — نفس مسار التنقل الظاهر | Service: اسم الخدمة في Schema + الوصف | FAQPage: قسم الأسئلة الشائعة الظاهر (نفس الأسئلة)
/sectors/real-estate/,sector-real-estate,Service + BreadcrumbList + FAQPage,Organization + WebSite + WebPage + BreadcrumbList + Service + FAQPage,Organization: إعدادات سيو هاوس ← بيانات الشركة | WebSite: إعدادات سيو هاوس | WebPage: عنوان SEO + الوصف | BreadcrumbList: sh_breadcrumb_trail() — نفس مسار التنقل الظاهر | Service: اسم الخدمة في Schema + الوصف | FAQPage: قسم الأسئلة الشائعة الظاهر (نفس الأسئلة)
/sectors/education/,sector-education,Service + BreadcrumbList + FAQPage,Organization + WebSite + WebPage + BreadcrumbList + Service + FAQPage,Organization: إعدادات سيو هاوس ← بيانات الشركة | WebSite: إعدادات سيو هاوس | WebPage: عنوان SEO + الوصف | BreadcrumbList: sh_breadcrumb_trail() — نفس مسار التنقل الظاهر | Service: اسم الخدمة في Schema + الوصف | FAQPage: قسم الأسئلة الشائعة الظاهر (نفس الأسئلة)
/sectors/tourism/,sector-tourism,Service + BreadcrumbList + FAQPage,Organization + WebSite + WebPage + BreadcrumbList + Service + FAQPage,Organization: إعدادات سيو هاوس ← بيانات الشركة | WebSite: إعدادات سيو هاوس | WebPage: عنوان SEO + الوصف | BreadcrumbList: sh_breadcrumb_trail() — نفس مسار التنقل الظاهر | Service: اسم الخدمة في Schema + الوصف | FAQPage: قسم الأسئلة الشائعة الظاهر (نفس الأسئلة)
/sectors/tech/,sector-tech,Service + BreadcrumbList + FAQPage,Organization + WebSite + WebPage + BreadcrumbList + Service + FAQPage,Organization: إعدادات سيو هاوس ← بيانات الشركة | WebSite: إعدادات سيو هاوس | WebPage: عنوان SEO + الوصف | BreadcrumbList: sh_breadcrumb_trail() — نفس مسار التنقل الظاهر | Service: اسم الخدمة في Schema + الوصف | FAQPage: قسم الأسئلة الشائعة الظاهر (نفس الأسئلة)
/sectors/legal/,sector-legal,Service + BreadcrumbList + FAQPage,Organization + WebSite + WebPage + BreadcrumbList + Service + FAQPage,Organization: إعدادات سيو هاوس ← بيانات الشركة | WebSite: إعدادات سيو هاوس | WebPage: عنوان SEO + الوصف | BreadcrumbList: sh_breadcrumb_trail() — نفس مسار التنقل الظاهر | Service: اسم الخدمة في Schema + الوصف | FAQPage: قسم الأسئلة الشائعة الظاهر (نفس الأسئلة)
/sectors/food/,sector-food,Service + BreadcrumbList + FAQPage,Organization + WebSite + WebPage + BreadcrumbList + Service + FAQPage,Organization: إعدادات سيو هاوس ← بيانات الشركة | WebSite: إعدادات سيو هاوس | WebPage: عنوان SEO + الوصف | BreadcrumbList: sh_breadcrumb_trail() — نفس مسار التنقل الظاهر | Service: اسم الخدمة في Schema + الوصف | FAQPage: قسم الأسئلة الشائعة الظاهر (نفس الأسئلة)
/results/,results,CollectionPage + BreadcrumbList,Organization + WebSite + CollectionPage + BreadcrumbList + ItemList,Organization: إعدادات سيو هاوس ← بيانات الشركة | WebSite: إعدادات سيو هاوس | CollectionPage: نوع الصفحة / قالب القائمة | BreadcrumbList: sh_breadcrumb_trail() — نفس مسار التنقل الظاهر | ItemList: السجلات المنشورة (دراسات/فريق/مقالات)
/about/,about,AboutPage + Organization + BreadcrumbList,Organization + WebSite + AboutPage + BreadcrumbList,Organization: إعدادات سيو هاوس ← بيانات الشركة | WebSite: إعدادات سيو هاوس | AboutPage: نوع الصفحة في Schema | BreadcrumbList: sh_breadcrumb_trail() — نفس مسار التنقل الظاهر
/team/,team,CollectionPage + Organization + BreadcrumbList,Organization + WebSite + CollectionPage + BreadcrumbList + ItemList,Organization: إعدادات سيو هاوس ← بيانات الشركة | WebSite: إعدادات سيو هاوس | CollectionPage: نوع الصفحة / قالب القائمة | BreadcrumbList: sh_breadcrumb_trail() — نفس مسار التنقل الظاهر | ItemList: السجلات المنشورة (دراسات/فريق/مقالات)
/pricing/,pricing,WebPage + BreadcrumbList + FAQPage,Organization + WebSite + WebPage + BreadcrumbList + FAQPage,Organization: إعدادات سيو هاوس ← بيانات الشركة | WebSite: إعدادات سيو هاوس | WebPage: عنوان SEO + الوصف | BreadcrumbList: sh_breadcrumb_trail() — نفس مسار التنقل الظاهر | FAQPage: قسم الأسئلة الشائعة الظاهر (نفس الأسئلة)
/contact/,contact,ContactPage + Organization + BreadcrumbList,Organization + WebSite + ContactPage + BreadcrumbList,Organization: إعدادات سيو هاوس ← بيانات الشركة | WebSite: إعدادات سيو هاوس | ContactPage: نوع الصفحة في Schema | BreadcrumbList: sh_breadcrumb_trail() — نفس مسار التنقل الظاهر
/thank-you/,thank-you,WebPage + BreadcrumbList,Organization + WebSite + WebPage + BreadcrumbList,Organization: إعدادات سيو هاوس ← بيانات الشركة | WebSite: إعدادات سيو هاوس | WebPage: عنوان SEO + الوصف | BreadcrumbList: sh_breadcrumb_trail() — نفس مسار التنقل الظاهر
/privacy-policy/,privacy-policy,WebPage + BreadcrumbList,,
/terms/,terms,WebPage + BreadcrumbList,,
/blog/,blog,CollectionPage + BreadcrumbList,Organization + WebSite + CollectionPage + BreadcrumbList + ItemList,Organization: إعدادات سيو هاوس ← بيانات الشركة | WebSite: إعدادات سيو هاوس | CollectionPage: نوع الصفحة / قالب القائمة | BreadcrumbList: sh_breadcrumb_trail() — نفس مسار التنقل الظاهر | ItemList: السجلات المنشورة (دراسات/فريق/مقالات)
قالب: /blog/category/seo/,blog-category,CollectionPage + BreadcrumbList,,
قالب: /blog/sample-article/,single-post,BlogPosting + BreadcrumbList,,
قالب: /results/case-study-template/,case-template,Article + BreadcrumbList,,
/results/قطاع-الصحة-والطب/,case-health,Article + BreadcrumbList,Organization + WebSite + WebPage + BreadcrumbList + Article,Organization: إعدادات سيو هاوس ← بيانات الشركة | WebSite: إعدادات سيو هاوس | WebPage: عنوان SEO + الوصف | BreadcrumbList: sh_breadcrumb_trail() — نفس مسار التنقل الظاهر | Article: دراسة الحالة
/results/قطاع-التجارة-الإلكترونية/,case-ecommerce,Article + BreadcrumbList,Organization + WebSite + WebPage + BreadcrumbList + Article,Organization: إعدادات سيو هاوس ← بيانات الشركة | WebSite: إعدادات سيو هاوس | WebPage: عنوان SEO + الوصف | BreadcrumbList: sh_breadcrumb_trail() — نفس مسار التنقل الظاهر | Article: دراسة الحالة
/results/تستتست/,case-education,Article + BreadcrumbList,Organization + WebSite + WebPage + BreadcrumbList + Article,Organization: إعدادات سيو هاوس ← بيانات الشركة | WebSite: إعدادات سيو هاوس | WebPage: عنوان SEO + الوصف | BreadcrumbList: sh_breadcrumb_trail() — نفس مسار التنقل الظاهر | Article: دراسة الحالة
/results/organic-revenue-growth/,case-organic-revenue,Article + BreadcrumbList,,
/results/medical-search-growth/,case-medical-search,Article + BreadcrumbList,,
قالب: /team/{slug}/,team-member,ProfilePage + BreadcrumbList,,
/?s=,search,SearchResultsPage,Organization + WebSite + SearchResultsPage + BreadcrumbList,Organization: إعدادات سيو هاوس ← بيانات الشركة | WebSite: إعدادات سيو هاوس | SearchResultsPage: البحث | BreadcrumbList: sh_breadcrumb_trail() — نفس مسار التنقل الظاهر
(404),404,,,
/team/yasser-youssef/,team:yasser-youssef,ProfilePage + BreadcrumbList,Organization + WebSite + ProfilePage + BreadcrumbList + Person,Organization: إعدادات سيو هاوس ← بيانات الشركة | WebSite: إعدادات سيو هاوس | ProfilePage: عضو الفريق | BreadcrumbList: sh_breadcrumb_trail() — نفس مسار التنقل الظاهر | Person: عضو الفريق
/team/mohamed-moawad/,team:mohamed-moawad,ProfilePage + BreadcrumbList,Organization + WebSite + ProfilePage + BreadcrumbList + Person,Organization: إعدادات سيو هاوس ← بيانات الشركة | WebSite: إعدادات سيو هاوس | ProfilePage: عضو الفريق | BreadcrumbList: sh_breadcrumb_trail() — نفس مسار التنقل الظاهر | Person: عضو الفريق
/team/maha-ali/,team:maha-ali,ProfilePage + BreadcrumbList,Organization + WebSite + ProfilePage + BreadcrumbList + Person,Organization: إعدادات سيو هاوس ← بيانات الشركة | WebSite: إعدادات سيو هاوس | ProfilePage: عضو الفريق | BreadcrumbList: sh_breadcrumb_trail() — نفس مسار التنقل الظاهر | Person: عضو الفريق
/team/mennatallah-said/,team:mennatallah-said,ProfilePage + BreadcrumbList,Organization + WebSite + ProfilePage + BreadcrumbList + Person,Organization: إعدادات سيو هاوس ← بيانات الشركة | WebSite: إعدادات سيو هاوس | ProfilePage: عضو الفريق | BreadcrumbList: sh_breadcrumb_trail() — نفس مسار التنقل الظاهر | Person: عضو الفريق
/team/mona-ali/,team:mona-ali,ProfilePage + BreadcrumbList,Organization + WebSite + ProfilePage + BreadcrumbList + Person,Organization: إعدادات سيو هاوس ← بيانات الشركة | WebSite: إعدادات سيو هاوس | ProfilePage: عضو الفريق | BreadcrumbList: sh_breadcrumb_trail() — نفس مسار التنقل الظاهر | Person: عضو الفريق
/team/esraa-kamal/,team:esraa-kamal,ProfilePage + BreadcrumbList,Organization + WebSite + ProfilePage + BreadcrumbList + Person,Organization: إعدادات سيو هاوس ← بيانات الشركة | WebSite: إعدادات سيو هاوس | ProfilePage: عضو الفريق | BreadcrumbList: sh_breadcrumb_trail() — نفس مسار التنقل الظاهر | Person: عضو الفريق
/team/heba-geneedy/,team:heba-geneedy,ProfilePage + BreadcrumbList,Organization + WebSite + ProfilePage + BreadcrumbList + Person,Organization: إعدادات سيو هاوس ← بيانات الشركة | WebSite: إعدادات سيو هاوس | ProfilePage: عضو الفريق | BreadcrumbList: sh_breadcrumb_trail() — نفس مسار التنقل الظاهر | Person: عضو الفريق
/team/mohamed-hassan/,team:mohamed-hassan,ProfilePage + BreadcrumbList,Organization + WebSite + ProfilePage + BreadcrumbList + Person,Organization: إعدادات سيو هاوس ← بيانات الشركة | WebSite: إعدادات سيو هاوس | ProfilePage: عضو الفريق | BreadcrumbList: sh_breadcrumb_trail() — نفس مسار التنقل الظاهر | Person: عضو الفريق
/team/mustafa-mahmoud/,team:mustafa-mahmoud,ProfilePage + BreadcrumbList,Organization + WebSite + ProfilePage + BreadcrumbList + Person,Organization: إعدادات سيو هاوس ← بيانات الشركة | WebSite: إعدادات سيو هاوس | ProfilePage: عضو الفريق | BreadcrumbList: sh_breadcrumb_trail() — نفس مسار التنقل الظاهر | Person: عضو الفريق
/team/ahmed-sanad/,team:ahmed-sanad,ProfilePage + BreadcrumbList,Organization + WebSite + ProfilePage + BreadcrumbList + Person,Organization: إعدادات سيو هاوس ← بيانات الشركة | WebSite: إعدادات سيو هاوس | ProfilePage: عضو الفريق | BreadcrumbList: sh_breadcrumb_trail() — نفس مسار التنقل الظاهر | Person: عضو الفريق
/team/esraa-mohamed/,team:esraa-mohamed,ProfilePage + BreadcrumbList,Organization + WebSite + ProfilePage + BreadcrumbList + Person,Organization: إعدادات سيو هاوس ← بيانات الشركة | WebSite: إعدادات سيو هاوس | ProfilePage: عضو الفريق | BreadcrumbList: sh_breadcrumb_trail() — نفس مسار التنقل الظاهر | Person: عضو الفريق
/team/nada-mahmoud/,team:nada-mahmoud,ProfilePage + BreadcrumbList,Organization + WebSite + ProfilePage + BreadcrumbList + Person,Organization: إعدادات سيو هاوس ← بيانات الشركة | WebSite: إعدادات سيو هاوس | ProfilePage: عضو الفريق | BreadcrumbList: sh_breadcrumb_trail() — نفس مسار التنقل الظاهر | Person: عضو الفريق
/team/adham-hesham/,team:adham-hesham,ProfilePage + BreadcrumbList,Organization + WebSite + ProfilePage + BreadcrumbList + Person,Organization: إعدادات سيو هاوس ← بيانات الشركة | WebSite: إعدادات سيو هاوس | ProfilePage: عضو الفريق | BreadcrumbList: sh_breadcrumb_trail() — نفس مسار التنقل الظاهر | Person: عضو الفريق
/team/mariam-hesham/,team:mariam-hesham,ProfilePage + BreadcrumbList,Organization + WebSite + ProfilePage + BreadcrumbList + Person,Organization: إعدادات سيو هاوس ← بيانات الشركة | WebSite: إعدادات سيو هاوس | ProfilePage: عضو الفريق | BreadcrumbList: sh_breadcrumb_trail() — نفس مسار التنقل الظاهر | Person: عضو الفريق
/team/seif-sanad/,team:seif-sanad,ProfilePage + BreadcrumbList,Organization + WebSite + ProfilePage + BreadcrumbList + Person,Organization: إعدادات سيو هاوس ← بيانات الشركة | WebSite: إعدادات سيو هاوس | ProfilePage: عضو الفريق | BreadcrumbList: sh_breadcrumb_trail() — نفس مسار التنقل الظاهر | Person: عضو الفريق
/team/morad-salah/,team:morad-salah,ProfilePage + BreadcrumbList,Organization + WebSite + ProfilePage + BreadcrumbList + Person,Organization: إعدادات سيو هاوس ← بيانات الشركة | WebSite: إعدادات سيو هاوس | ProfilePage: عضو الفريق | BreadcrumbList: sh_breadcrumb_trail() — نفس مسار التنقل الظاهر | Person: عضو الفريق
/team/noha-elmahdy/,team:noha-elmahdy,ProfilePage + BreadcrumbList,Organization + WebSite + ProfilePage + BreadcrumbList + Person,Organization: إعدادات سيو هاوس ← بيانات الشركة | WebSite: إعدادات سيو هاوس | ProfilePage: عضو الفريق | BreadcrumbList: sh_breadcrumb_trail() — نفس مسار التنقل الظاهر | Person: عضو الفريق
/team/eman-farid/,team:eman-farid,ProfilePage + BreadcrumbList,Organization + WebSite + ProfilePage + BreadcrumbList + Person,Organization: إعدادات سيو هاوس ← بيانات الشركة | WebSite: إعدادات سيو هاوس | ProfilePage: عضو الفريق | BreadcrumbList: sh_breadcrumb_trail() — نفس مسار التنقل الظاهر | Person: عضو الفريق
/blog/هل-يظهر-موقعك-داخل-إجابات-جوجل-بالذكاء/,post:هل-يظهر-موقعك-داخل-إجابات-جوجل-بالذكاء,BlogPosting + BreadcrumbList,Organization + WebSite + WebPage + BreadcrumbList + Person + BlogPosting,Organization: إعدادات سيو هاوس ← بيانات الشركة | WebSite: إعدادات سيو هاوس | WebPage: عنوان SEO + الوصف | BreadcrumbList: sh_breadcrumb_trail() — نفس مسار التنقل الظاهر | Person: عضو الفريق | BlogPosting: المقال + الكاتب من فريق العمل
/blog/category/technical-seo/,category:technical-seo,CollectionPage + BreadcrumbList,Organization + WebSite + CollectionPage + BreadcrumbList + ItemList,Organization: إعدادات سيو هاوس ← بيانات الشركة | WebSite: إعدادات سيو هاوس | CollectionPage: نوع الصفحة / قالب القائمة | BreadcrumbList: sh_breadcrumb_trail() — نفس مسار التنقل الظاهر | ItemList: السجلات المنشورة (دراسات/فريق/مقالات)
