# Published URLs of the current site (paths only — read from its public sitemaps and internal links on 2026-10-01 to keep the URL structure; no content is imported).
/	sitemap:page
/about/	sitemap:page
/blog/	sitemap:post
/blog/category/off-page-seo/	linked
/blog/category/technical-seo/	linked
/blog/fix-404-not-found/	sitemap:post
/blog/fix-404-not-found/feed/	linked
/blog/how-to-build-backlinks-correctly/	sitemap:post
/blog/why-is-my-website-not-showing-in-search-engines/	sitemap:post
/blog/هل-يظهر-موقعك-داخل-إجابات-جوجل-بالذكاء/	sitemap:post
/comments/feed/	linked
/contact/	sitemap:page
/feed/	linked
/pricing/	sitemap:page
/privacy-policy/	sitemap:page
/results/	sitemap:page
/results/feed/	linked
/results/تستتست/	sitemap:case_study
/results/قطاع-التجارة-الإلكترونية/	sitemap:case_study
/results/قطاع-الصحة-والطب/	sitemap:case_study
/sectors/	sitemap:page
/sectors/ecommerce/	linked
/sectors/education/	sitemap:sector
/sectors/food/	sitemap:sector
/sectors/health/	sitemap:sector
/sectors/legal/	sitemap:sector
/sectors/real-estate/	sitemap:sector
/sectors/tech/	sitemap:sector
/sectors/tourism/	sitemap:sector
/services/	sitemap:page
/services/products/	sitemap:page
/services/seo/	sitemap:page
/services/seo/backlinks/	sitemap:page
/services/seo/consulting/	sitemap:page
/services/seo/content/	sitemap:page
/services/seo/egypt/	sitemap:page
/services/seo/ksa/	sitemap:page
/services/seo/on-page/	sitemap:page
/services/seo/stores-seo/	sitemap:page
/services/seo/technical/	sitemap:page
/services/seo/uae/	sitemap:page
/services/stores/	sitemap:page
/services/stores/salla/	sitemap:page
/services/stores/shopify/	sitemap:page
/services/stores/woocommerce/	sitemap:page
/services/stores/zid/	sitemap:page
/services/web-design/	sitemap:page
/services/web-design/custom-dev/	sitemap:page
/services/web-design/react-next/	sitemap:page
/services/web-design/webflow/	sitemap:page
/services/web-design/wordpress/	sitemap:page
/team/	sitemap:page
/terms/	sitemap:page
