# Live status of each published URL, no redirects followed (checked 2026-10-02; status codes only)
/	200	
/about/	200	
/blog/	200	
/blog/category/off-page-seo/	200	
/blog/category/technical-seo/	200	
/blog/fix-404-not-found/	200	
/blog/fix-404-not-found/feed/	200	
/blog/how-to-build-backlinks-correctly/	200	
/blog/why-is-my-website-not-showing-in-search-engines/	200	
/blog/هل-يظهر-موقعك-داخل-إجابات-جوجل-بالذكاء/	200	
/comments/feed/	200	
/contact/	200	
/feed/	200	
/pricing/	200	
/privacy-policy/	200	
/results/	200	
/results/feed/	200	
/results/تستتست/	200	
/results/قطاع-التجارة-الإلكترونية/	200	
/results/قطاع-الصحة-والطب/	200	
/sectors/	200	
/sectors/ecommerce/	200	
/sectors/education/	200	
/sectors/food/	200	
/sectors/health/	200	
/sectors/legal/	200	
/sectors/real-estate/	200	
/sectors/tech/	200	
/sectors/tourism/	200	
/services/	200	
/services/products/	200	
/services/seo/	200	
/services/seo/backlinks/	200	
/services/seo/consulting/	200	
/services/seo/content/	200	
/services/seo/egypt/	200	
/services/seo/ksa/	200	
/services/seo/on-page/	200	
/services/seo/stores-seo/	301	/sectors/ecommerce/
/services/seo/technical/	200	
/services/seo/uae/	200	
/services/stores/	200	
/services/stores/salla/	200	
/services/stores/shopify/	200	
/services/stores/woocommerce/	200	
/services/stores/zid/	200	
/services/web-design/	200	
/services/web-design/custom-dev/	200	
/services/web-design/react-next/	200	
/services/web-design/webflow/	200	
/services/web-design/wordpress/	200	
/team/	200	
/terms/	200	
